AUC-ROC,AUC-PR,AUC-SIC
0.8613605270588235,0.6251378280573499,4.684184381805157
0.8460168244117646,0.5936387334503411,3.818149946724059
0.8690827975,0.6400585532040526,5.192093875881225
